{"cameraMode":{"drawMode":0,"name":"Shaded","section":"Shading Mode"},"sceneLighting":true,"audioPlay":false,"sceneViewState":{"showFog":true,"showMaterialUpdate":true,"showSkybox":true,"showFlares":true,"showImageEffects":true,"showParticleSystems":true},"in2DMode":false,"pivot":{"x":-21.680389404296876,"y":17.82753562927246,"z":-20.846759796142579},"rotation":{"x":0.10138673335313797,"y":0.8393908143043518,"z":-0.16787995398044587,"w":0.5069243907928467},"size":75.63866424560547,"orthographic":false}